rank,file,t_sec,score,U,A,D,n_boxes,n_ambiguous,empty,selected
1,frame_0009.jpg,3.6,0.7,0.0,0.0,1.0,0,0,True,True
2,frame_0012.jpg,4.8,0.7,0.0,0.0,1.0,0,0,True,False
3,frame_0209.jpg,83.6,0.6969,0.9858,0.2,0.72,1,1,False,True
4,frame_0028.jpg,11.2,0.6439,0.7678,0.2,1.0,1,1,False,True
5,frame_0376.jpg,150.4,0.6402,0.6164,1.0,0.16,6,5,False,True
6,frame_0033.jpg,13.2,0.6399,0.3997,0.8,1.0,6,4,False,True
7,frame_0069.jpg,27.6,0.5891,0.5382,0.4,1.0,2,2,False,True
8,frame_0070.jpg,28.0,0.5584,0.3568,0.6,1.0,4,3,False,False
9,frame_0387.jpg,154.8,0.556,0.4319,1.0,0.2,7,5,False,True
10,frame_0001.jpg,0.4,0.5544,0.4687,0.4,1.0,3,2,False,True
11,frame_0021.jpg,8.4,0.5534,0.4669,0.4,1.0,2,2,False,True
12,frame_0124.jpg,49.6,0.5482,0.4643,0.6,0.68,4,3,False,True
13,frame_0031.jpg,12.4,0.5338,0.3076,0.6,1.0,6,3,False,False
14,frame_0125.jpg,50.0,0.5297,0.4115,0.6,0.72,3,3,False,False
15,frame_0367.jpg,146.8,0.5292,0.4263,1.0,0.08,7,5,False,True
16,frame_0073.jpg,29.2,0.5246,0.2892,0.6,1.0,5,3,False,False
17,frame_0029.jpg,11.6,0.5171,0.3943,0.4,1.0,3,2,False,False
18,frame_0272.jpg,108.8,0.516,0.0,0.0,0.08,0,0,True,True
19,frame_0375.jpg,150.0,0.5042,0.4484,0.8,0.2,6,4,False,False
20,frame_0289.jpg,115.6,0.5032,0.3424,0.6,0.76,5,3,False,False
21,frame_0128.jpg,51.2,0.5011,0.4263,0.4,0.84,3,2,False,False
22,frame_0018.jpg,7.2,0.4951,0.4702,0.2,1.0,1,1,False,False
23,frame_0072.jpg,28.8,0.4928,0.3456,0.4,1.0,4,2,False,False
24,frame_0184.jpg,73.6,0.4916,0.5912,0.6,0.08,3,3,False,False
25,frame_0276.jpg,110.4,0.4916,0.4073,0.8,0.24,4,4,False,False
26,frame_0131.jpg,52.4,0.4903,0.3565,0.4,0.96,3,2,False,False
27,frame_0126.jpg,50.4,0.4728,0.2817,0.6,0.76,5,3,False,False
28,frame_0129.jpg,51.6,0.4709,0.3499,0.4,0.88,3,2,False,False
29,frame_0288.jpg,115.2,0.4686,0.4092,0.4,0.72,4,2,False,False
30,frame_0019.jpg,7.6,0.4652,0.4104,0.2,1.0,1,1,False,False
31,frame_0210.jpg,84.0,0.4637,0.5354,0.2,0.68,2,1,False,False
32,frame_0286.jpg,114.4,0.4582,0.3004,0.6,0.64,5,3,False,False
33,frame_0020.jpg,8.0,0.4495,0.379,0.2,1.0,1,1,False,False
34,frame_0008.jpg,3.2,0.4492,0.3784,0.2,1.0,1,1,False,False
35,frame_0076.jpg,30.4,0.4376,0.2672,0.4,0.92,4,2,False,False
36,frame_0079.jpg,31.6,0.4304,0.3007,0.4,0.8,3,2,False,False
37,frame_0208.jpg,83.2,0.4304,0.4369,0.2,0.76,2,1,False,False
38,frame_0287.jpg,114.8,0.4292,0.3463,0.4,0.68,5,2,False,False
39,frame_0071.jpg,28.4,0.4255,0.3311,0.2,1.0,4,1,False,False
40,frame_0374.jpg,149.6,0.4143,0.3887,0.6,0.2,4,3,False,False
41,frame_0068.jpg,27.2,0.4119,0.3038,0.2,1.0,3,1,False,False
42,frame_0377.jpg,150.8,0.4093,0.4107,0.6,0.12,7,3,False,False
43,frame_0032.jpg,12.8,0.4061,0.2921,0.2,1.0,5,1,False,False
44,frame_0211.jpg,84.4,0.4059,0.5558,0.0,0.64,2,0,False,False
45,frame_0232.jpg,92.8,0.3992,0.4785,0.4,0.2,3,2,False,False
46,frame_0230.jpg,92.0,0.3962,0.3845,0.6,0.12,4,3,False,False
47,frame_0075.jpg,30.0,0.3956,0.2872,0.2,0.96,4,1,False,False
48,frame_0030.jpg,12.0,0.3936,0.2671,0.2,1.0,4,1,False,False
49,frame_0316.jpg,126.4,0.3931,0.3623,0.6,0.16,5,3,False,False
50,frame_0279.jpg,111.6,0.3925,0.4009,0.4,0.36,4,2,False,False
51,frame_0319.jpg,127.6,0.3919,0.3119,0.6,0.28,4,3,False,False
52,frame_0384.jpg,153.6,0.3891,0.3541,0.6,0.16,3,3,False,False
53,frame_0329.jpg,131.6,0.3883,0.3847,0.6,0.08,7,3,False,False
54,frame_0275.jpg,110.0,0.385,0.3299,0.6,0.2,4,3,False,False
55,frame_0328.jpg,131.2,0.3838,0.3756,0.6,0.08,7,3,False,False
56,frame_0284.jpg,113.6,0.3829,0.3017,0.4,0.56,5,2,False,False
57,frame_0229.jpg,91.6,0.3792,0.3665,0.6,0.08,5,3,False,False
58,frame_0309.jpg,123.6,0.3779,0.3477,0.6,0.12,4,3,False,False
59,frame_0327.jpg,130.8,0.376,0.3761,0.6,0.04,6,3,False,False
60,frame_0000.jpg,0.0,0.3757,0.2314,0.2,1.0,5,1,False,False
61,frame_0278.jpg,111.2,0.3723,0.3766,0.4,0.32,5,2,False,False
62,frame_0115.jpg,46.0,0.3715,0.3751,0.4,0.32,3,2,False,False
63,frame_0132.jpg,52.8,0.3713,0.2226,0.2,1.0,3,1,False,False
64,frame_0295.jpg,118.0,0.3692,0.3464,0.2,0.68,2,1,False,False
65,frame_0397.jpg,158.8,0.3672,0.2945,0.6,0.2,5,3,False,False
66,frame_0002.jpg,0.8,0.3632,0.2063,0.2,1.0,4,1,False,False
67,frame_0315.jpg,126.0,0.3617,0.4353,0.4,0.12,5,2,False,False
68,frame_0133.jpg,53.2,0.3577,0.1953,0.2,1.0,4,1,False,False
69,frame_0077.jpg,30.8,0.3559,0.2399,0.2,0.88,6,1,False,False
70,frame_0212.jpg,84.8,0.3542,0.3484,0.2,0.6,2,1,False,False
71,frame_0290.jpg,116.0,0.3539,0.2678,0.2,0.8,4,1,False,False
72,frame_0217.jpg,86.8,0.3534,0.4269,0.2,0.4,2,1,False,False
73,frame_0204.jpg,81.6,0.3531,0.3142,0.2,0.68,3,1,False,False
74,frame_0306.jpg,122.4,0.3529,0.3698,0.4,0.24,5,2,False,False
75,frame_0214.jpg,85.6,0.3507,0.3734,0.2,0.52,3,1,False,False
76,frame_0280.jpg,112.0,0.3507,0.4213,0.2,0.4,2,1,False,False
77,frame_0171.jpg,68.4,0.35,0.404,0.2,0.44,1,1,False,False
78,frame_0219.jpg,87.6,0.3483,0.3286,0.4,0.32,4,2,False,False
79,frame_0292.jpg,116.8,0.3462,0.2523,0.2,0.8,3,1,False,False
80,frame_0291.jpg,116.4,0.3456,0.2351,0.2,0.84,5,1,False,False
81,frame_0220.jpg,88.0,0.3428,0.4536,0.2,0.28,1,1,False,False
82,frame_0368.jpg,147.2,0.3421,0.3082,0.6,0.04,8,3,False,False
83,frame_0395.jpg,158.0,0.3337,0.3795,0.4,0.12,3,2,False,False
84,frame_0285.jpg,114.0,0.3336,0.3072,0.2,0.6,3,1,False,False
85,frame_0321.jpg,128.4,0.3267,0.3334,0.4,0.2,6,2,False,False
86,frame_0381.jpg,152.4,0.3236,0.3911,0.4,0.04,4,2,False,False
87,frame_0199.jpg,79.6,0.3222,0.3324,0.2,0.48,1,1,False,False
88,frame_0095.jpg,38.0,0.3216,0.3392,0.4,0.16,4,2,False,False
89,frame_0224.jpg,89.6,0.3204,0.3528,0.4,0.12,4,2,False,False
90,frame_0294.jpg,117.6,0.3191,0.2303,0.2,0.72,3,1,False,False
91,frame_0103.jpg,41.2,0.3177,0.3315,0.4,0.16,3,2,False,False
92,frame_0117.jpg,46.8,0.3165,0.2331,0.4,0.4,4,2,False,False
93,frame_0177.jpg,70.8,0.3122,0.3043,0.4,0.2,4,2,False,False
94,frame_0005.jpg,2.0,0.3114,0.2227,0.0,1.0,2,0,False,False
95,frame_0123.jpg,49.2,0.3114,0.2468,0.2,0.64,4,1,False,False
96,frame_0228.jpg,91.2,0.3107,0.3654,0.4,0.04,4,2,False,False
97,frame_0216.jpg,86.4,0.3101,0.3243,0.2,0.44,3,1,False,False
98,frame_0233.jpg,93.2,0.3096,0.2833,0.4,0.24,5,2,False,False
99,frame_0298.jpg,119.2,0.3086,0.2733,0.2,0.56,3,1,False,False
100,frame_0388.jpg,155.2,0.3075,0.3109,0.4,0.16,6,2,False,False
101,frame_0293.jpg,117.2,0.3074,0.1907,0.2,0.76,3,1,False,False
102,frame_0196.jpg,78.4,0.3055,0.347,0.2,0.36,1,1,False,False
103,frame_0167.jpg,66.8,0.304,0.2481,0.2,0.6,4,1,False,False
104,frame_0197.jpg,78.8,0.3027,0.3254,0.2,0.4,1,1,False,False
105,frame_0014.jpg,5.6,0.3016,0.2032,0.0,1.0,1,0,False,False
106,frame_0373.jpg,149.2,0.3012,0.2984,0.4,0.16,4,2,False,False
107,frame_0006.jpg,2.4,0.3002,0.2004,0.0,1.0,2,0,False,False
108,frame_0172.jpg,68.8,0.2996,0.3193,0.2,0.4,3,1,False,False
109,frame_0393.jpg,157.2,0.2996,0.3432,0.4,0.04,3,2,False,False
110,frame_0203.jpg,81.2,0.2989,0.2219,0.2,0.64,4,1,False,False
111,frame_0027.jpg,10.8,0.2974,0.1948,0.0,1.0,1,0,False,False
112,frame_0223.jpg,89.2,0.2972,0.2904,0.4,0.16,3,2,False,False
113,frame_0067.jpg,26.8,0.2964,0.1928,0.0,1.0,4,0,False,False
114,frame_0320.jpg,128.0,0.2952,0.2543,0.4,0.24,5,2,False,False
115,frame_0074.jpg,29.6,0.2946,0.1892,0.0,1.0,5,0,False,False
116,frame_0185.jpg,74.0,0.294,0.316,0.4,0.08,4,2,False,False
117,frame_0026.jpg,10.4,0.2925,0.185,0.0,1.0,2,0,False,False
118,frame_0226.jpg,90.4,0.2918,0.4475,0.2,0.04,2,1,False,False
119,frame_0025.jpg,10.0,0.2915,0.183,0.0,1.0,1,0,False,False
120,frame_0130.jpg,52.0,0.2912,0.2143,0.0,0.92,2,0,False,False
121,frame_0022.jpg,8.8,0.2909,0.1818,0.0,1.0,2,0,False,False
122,frame_0283.jpg,113.2,0.2905,0.2531,0.2,0.52,4,1,False,False
123,frame_0183.jpg,73.2,0.2903,0.3245,0.4,0.04,4,2,False,False
124,frame_0169.jpg,67.6,0.29,0.252,0.2,0.52,2,1,False,False
125,frame_0300.jpg,120.0,0.2898,0.2677,0.2,0.48,3,1,False,False
126,frame_0121.jpg,48.4,0.2891,0.2341,0.2,0.56,3,1,False,False
127,frame_0015.jpg,6.0,0.288,0.1759,0.0,1.0,2,0,False,False
128,frame_0322.jpg,128.8,0.2865,0.2691,0.4,0.16,3,2,False,False
129,frame_0313.jpg,125.2,0.286,0.316,0.4,0.04,3,2,False,False
130,frame_0023.jpg,9.2,0.2818,0.1635,0.0,1.0,3,0,False,False
131,frame_0118.jpg,47.2,0.281,0.2659,0.2,0.44,3,1,False,False
132,frame_0017.jpg,6.8,0.2805,0.161,0.0,1.0,2,0,False,False
133,frame_0090.jpg,36.0,0.2804,0.2969,0.2,0.36,2,1,False,False
134,frame_0330.jpg,132.0,0.2795,0.303,0.4,0.04,5,2,False,False
135,frame_0310.jpg,124.0,0.2793,0.2866,0.4,0.08,4,2,False,False
136,frame_0332.jpg,132.8,0.2792,0.3024,0.4,0.04,5,2,False,False
137,frame_0225.jpg,90.0,0.278,0.404,0.2,0.08,4,1,False,False
138,frame_0190.jpg,76.0,0.2779,0.3878,0.2,0.12,2,1,False,False
139,frame_0301.jpg,120.4,0.2767,0.2573,0.2,0.44,4,1,False,False
140,frame_0189.jpg,75.6,0.2757,0.2794,0.4,0.08,4,2,False,False
141,frame_0004.jpg,1.6,0.2749,0.1498,0.0,1.0,4,0,False,False
142,frame_0003.jpg,1.2,0.2731,0.1462,0.0,1.0,4,0,False,False
143,frame_0281.jpg,112.4,0.2716,0.2471,0.2,0.44,3,1,False,False
144,frame_0024.jpg,9.6,0.2715,0.143,0.0,1.0,1,0,False,False
145,frame_0111.jpg,44.4,0.2712,0.3585,0.2,0.16,2,1,False,False
146,frame_0013.jpg,5.2,0.2705,0.141,0.0,1.0,1,0,False,False
147,frame_0007.jpg,2.8,0.269,0.138,0.0,1.0,3,0,False,False
148,frame_0307.jpg,122.8,0.2688,0.3376,0.2,0.2,3,1,False,False
149,frame_0215.jpg,86.0,0.2686,0.2253,0.2,0.48,4,1,False,False
150,frame_0086.jpg,34.4,0.2681,0.2081,0.2,0.52,3,1,False,False
151,frame_0080.jpg,32.0,0.2664,0.2288,0.0,0.76,2,0,False,False
152,frame_0010.jpg,4.0,0.2661,0.1322,0.0,1.0,1,0,False,False
153,frame_0109.jpg,43.6,0.2642,0.3765,0.2,0.08,4,1,False,False
154,frame_0206.jpg,82.4,0.2634,0.2228,0.0,0.76,1,0,False,False
155,frame_0098.jpg,39.2,0.2611,0.3863,0.2,0.04,2,1,False,False
156,frame_0127.jpg,50.8,0.2597,0.1994,0.0,0.8,6,0,False,False
157,frame_0299.jpg,119.6,0.2596,0.1912,0.2,0.52,5,1,False,False
158,frame_0305.jpg,122.0,0.2591,0.2861,0.2,0.28,3,1,False,False
159,frame_0078.jpg,31.2,0.2571,0.1781,0.0,0.84,3,0,False,False
160,frame_0016.jpg,6.4,0.2555,0.111,0.0,1.0,2,0,False,False
161,frame_0186.jpg,74.4,0.2545,0.3731,0.2,0.04,3,1,False,False
162,frame_0011.jpg,4.4,0.2534,0.1068,0.0,1.0,2,0,False,False
163,frame_0112.jpg,44.8,0.2519,0.3037,0.2,0.2,3,1,False,False
164,frame_0116.jpg,46.4,0.2503,0.2366,0.2,0.36,5,1,False,False
165,frame_0173.jpg,69.2,0.25,0.2361,0.2,0.36,4,1,False,False
166,frame_0195.jpg,78.0,0.2489,0.2498,0.2,0.32,2,1,False,False
167,frame_0094.jpg,37.6,0.2487,0.2974,0.2,0.2,4,1,False,False
168,frame_0303.jpg,121.2,0.2473,0.2306,0.2,0.36,3,1,False,False
169,frame_0181.jpg,72.4,0.2472,0.3583,0.2,0.04,2,1,False,False
170,frame_0205.jpg,82.0,0.2468,0.2056,0.0,0.72,2,0,False,False
171,frame_0396.jpg,158.4,0.2458,0.3076,0.2,0.16,4,1,False,False
172,frame_0087.jpg,34.8,0.2393,0.2866,0.0,0.48,1,0,False,False
173,frame_0081.jpg,32.4,0.2389,0.1898,0.0,0.72,1,0,False,False
174,frame_0114.jpg,45.6,0.2374,0.2427,0.2,0.28,3,1,False,False
175,frame_0207.jpg,82.8,0.2362,0.1524,0.0,0.8,1,0,False,False
176,frame_0386.jpg,154.4,0.235,0.254,0.2,0.24,5,1,False,False
177,frame_0277.jpg,110.8,0.2338,0.2356,0.2,0.28,4,1,False,False
178,frame_0106.jpg,42.4,0.233,0.3299,0.2,0.04,7,1,False,False
179,frame_0202.jpg,80.8,0.233,0.226,0.0,0.6,2,0,False,False
180,frame_0168.jpg,67.2,0.2289,0.2338,0.0,0.56,2,0,False,False
181,frame_0314.jpg,125.6,0.2286,0.3052,0.2,0.08,5,1,False,False
182,frame_0231.jpg,92.4,0.2271,0.2702,0.2,0.16,6,1,False,False
183,frame_0385.jpg,154.0,0.2268,0.2537,0.2,0.2,3,1,False,False
184,frame_0318.jpg,127.2,0.2267,0.2374,0.2,0.24,5,1,False,False
185,frame_0274.jpg,109.6,0.2254,0.2668,0.2,0.16,3,1,False,False
186,frame_0218.jpg,87.2,0.2233,0.1827,0.2,0.36,3,1,False,False
187,frame_0096.jpg,38.4,0.223,0.2781,0.2,0.12,3,1,False,False
188,frame_0308.jpg,123.2,0.221,0.2579,0.2,0.16,3,1,False,False
189,frame_0378.jpg,151.2,0.2202,0.2883,0.2,0.08,9,1,False,False
190,frame_0302.jpg,120.8,0.2197,0.2793,0.0,0.4,2,0,False,False
191,frame_0176.jpg,70.4,0.2189,0.2218,0.2,0.24,4,1,False,False
192,frame_0383.jpg,153.2,0.2181,0.2683,0.2,0.12,3,1,False,False
193,frame_0082.jpg,32.8,0.2174,0.1627,0.0,0.68,2,0,False,False
194,frame_0296.jpg,118.4,0.2158,0.1757,0.0,0.64,3,0,False,False
195,frame_0100.jpg,40.0,0.2154,0.2948,0.2,0.04,2,1,False,False
196,frame_0102.jpg,40.8,0.215,0.2621,0.2,0.12,4,1,False,False
197,frame_0317.jpg,126.8,0.2142,0.2284,0.2,0.2,5,1,False,False
198,frame_0175.jpg,70.0,0.2122,0.1923,0.2,0.28,4,1,False,False
199,frame_0390.jpg,156.0,0.2107,0.2693,0.2,0.08,4,1,False,False
200,frame_0083.jpg,33.2,0.2065,0.157,0.0,0.64,1,0,False,False
201,frame_0105.jpg,42.0,0.2051,0.2582,0.2,0.08,3,1,False,False
202,frame_0394.jpg,157.6,0.2045,0.257,0.2,0.08,5,1,False,False
203,frame_0180.jpg,72.0,0.204,0.256,0.2,0.08,2,1,False,False
204,frame_0297.jpg,118.8,0.2028,0.1657,0.0,0.6,5,0,False,False
205,frame_0085.jpg,34.0,0.1998,0.1756,0.0,0.56,1,0,False,False
206,frame_0122.jpg,48.8,0.199,0.1579,0.0,0.6,3,0,False,False
207,frame_0188.jpg,75.2,0.1983,0.2605,0.2,0.04,2,1,False,False
208,frame_0213.jpg,85.2,0.1974,0.1708,0.0,0.56,3,0,False,False
209,frame_0088.jpg,35.2,0.197,0.218,0.0,0.44,1,0,False,False
210,frame_0267.jpg,106.8,0.1953,0.2225,0.2,0.12,2,1,False,False
211,frame_0333.jpg,133.2,0.1945,0.2369,0.2,0.08,4,1,False,False
212,frame_0389.jpg,155.6,0.1926,0.2173,0.2,0.12,6,1,False,False
213,frame_0379.jpg,151.6,0.1905,0.245,0.2,0.04,5,1,False,False
214,frame_0084.jpg,33.6,0.1901,0.1402,0.0,0.6,2,0,False,False
215,frame_0119.jpg,47.6,0.1894,0.1867,0.0,0.48,3,0,False,False
216,frame_0178.jpg,71.2,0.1878,0.1915,0.2,0.16,5,1,False,False
217,frame_0323.jpg,129.2,0.1869,0.2059,0.2,0.12,5,1,False,False
218,frame_0370.jpg,148.0,0.1856,0.2352,0.2,0.04,5,1,False,False
219,frame_0120.jpg,48.0,0.1837,0.1593,0.0,0.52,2,0,False,False
220,frame_0271.jpg,108.4,0.1832,0.2304,0.2,0.04,2,1,False,False
221,frame_0382.jpg,152.8,0.1822,0.2124,0.2,0.08,3,1,False,False
222,frame_0200.jpg,80.0,0.1812,0.1544,0.0,0.52,1,0,False,False
223,frame_0372.jpg,148.8,0.1804,0.1928,0.2,0.12,5,1,False,False
224,frame_0269.jpg,107.6,0.1802,0.2244,0.2,0.04,5,1,False,False
225,frame_0222.jpg,88.8,0.18,0.28,0.0,0.2,1,0,False,False
226,frame_0201.jpg,80.4,0.1795,0.135,0.0,0.56,1,0,False,False
227,frame_0108.jpg,43.2,0.1788,0.2215,0.2,0.04,5,1,False,False
228,frame_0282.jpg,112.8,0.1783,0.1645,0.0,0.48,3,0,False,False
229,frame_0391.jpg,156.4,0.1736,0.2112,0.2,0.04,2,1,False,False
230,frame_0193.jpg,77.2,0.1729,0.2498,0.0,0.24,1,0,False,False
231,frame_0170.jpg,68.0,0.1709,0.1497,0.0,0.48,2,0,False,False
232,frame_0092.jpg,36.8,0.1702,0.2284,0.0,0.28,1,0,False,False
233,frame_0194.jpg,77.6,0.1604,0.2088,0.0,0.28,1,0,False,False
234,frame_0089.jpg,35.6,0.1557,0.1514,0.0,0.4,2,0,False,False
235,frame_0304.jpg,121.6,0.1546,0.1811,0.0,0.32,3,0,False,False
236,frame_0198.jpg,79.2,0.1513,0.1266,0.0,0.44,1,0,False,False
237,frame_0174.jpg,69.6,0.1503,0.1727,0.0,0.32,4,0,False,False
238,frame_0399.jpg,159.6,0.1481,0.1841,0.0,0.28,2,0,False,False
239,frame_0091.jpg,36.4,0.1473,0.1666,0.0,0.32,1,0,False,False
240,frame_0398.jpg,159.2,0.1335,0.1709,0.0,0.24,5,0,False,False
241,frame_0273.jpg,109.2,0.129,0.21,0.0,0.12,3,0,False,False
242,frame_0093.jpg,37.2,0.1274,0.1588,0.0,0.24,1,0,False,False
243,frame_0191.jpg,76.4,0.1263,0.1885,0.0,0.16,2,0,False,False
244,frame_0113.jpg,45.2,0.126,0.156,0.0,0.24,3,0,False,False
245,frame_0221.jpg,88.4,0.1205,0.1449,0.0,0.24,4,0,False,False
246,frame_0192.jpg,76.8,0.1199,0.1597,0.0,0.2,2,0,False,False
247,frame_0110.jpg,44.0,0.119,0.19,0.0,0.12,2,0,False,False
248,frame_0311.jpg,124.4,0.1177,0.2194,0.0,0.04,2,0,False,False
249,frame_0268.jpg,107.2,0.1172,0.2023,0.0,0.08,4,0,False,False
250,frame_0097.jpg,38.8,0.1129,0.1938,0.0,0.08,3,0,False,False
251,frame_0104.jpg,41.6,0.1119,0.1758,0.0,0.12,2,0,False,False
252,frame_0179.jpg,71.6,0.1043,0.1605,0.0,0.12,3,0,False,False
253,frame_0101.jpg,40.4,0.0984,0.1647,0.0,0.08,4,0,False,False
254,frame_0324.jpg,129.6,0.0921,0.1522,0.0,0.08,3,0,False,False
255,frame_0325.jpg,130.0,0.0884,0.1608,0.0,0.04,3,0,False,False
256,frame_0371.jpg,148.4,0.0771,0.1222,0.0,0.08,5,0,False,False
